[
   {
      "titel": "Summerproof met Sonja",
      "cover": "https://s.s-bol.com/imgbase0/imagebase3/large/FC/0/7/3/5/9200000110145370.jpg",
      "auteur": ["Bakker,Sonja"],
      "uitgave": "2019-05",
      "paginas": 104,
      "taal": "Nederlands",
      "ean": "9789078211433",
      "prijs": 15.95
   },
   {
      "titel": "Front-End Web Development a Complete Guide",
      "cover": "https://s.s-bol.com/imgbase0/imagebase3/large/FC/7/3/1/7/9200000096507137.jpg",
      "auteur": ["Blokdyk,Gerardus"],
      "uitgave": "2018-07",
      "ean": "9780655315254",
      "paginas": 274,
      "taal": "Engels",
      "prijs": 72.99
   },
   {
      "titel": "Delft design guide",
      "cover": "https://s.s-bol.com/imgbase0/imagebase3/large/FC/8/6/6/6/9200000014636668.jpg",
      "auteur": ["Zijlstra,Yvo", "Jaap Daalhuizen", "Roos van der Schoor", "Annemiek van Boeijen"],
      "uitgave": "2013-09",
      "ean": "9789063693275",
      "paginas": 176,
      "taal": "Engels",
      "prijs": 24.49
   },
   {
      "titel": "Huis vol leugens",
      "cover": "https://s.s-bol.com/imgbase0/imagebase3/large/FC/6/4/9/0/9200000107050946.jpg",
      "auteur": ["French,Nicci"],
      "uitgave": "2019-07",
      "ean": "9789026343315",
      "paginas": 400,
      "taal": "Nederlands",
      "prijs": 21.99
   },
   {
      "titel": "Front-End Web Development",
      "cover": "https://s.s-bol.com/imgbase0/imagebase3/large/FC/4/4/1/7/9200000050597144.jpg",
      "auteur": ["Aquino,Chris", "Todd Gandee"],
      "uitgave": "2016-06",
      "paginas": 300,
      "taal": "Engels",
      "ean": "9780134433943",
      "prijs": 37.99
   },
   {
      "titel": "Dog Man",
      "cover": "https://s.s-bol.com/imgbase0/imagebase3/large/FC/6/7/3/5/9200000091585376.jpg",
      "auteur": ["Pilkey,Dav"],
      "uitgave": "2018-06",
      "paginas": 231,
      "taal": "Nederlands",
      "ean": "9789492899019",
      "prijs": 14.99
   },
   {
      "titel": "Learning Bootstrap 4",
      "cover": "https://s.s-bol.com/imgbase0/imagebase3/large/FC/6/0/4/9/9200000060229406.jpg",
      "auteur": ["Lambert,Matt "],
      "uitgave": "2016-01",
      "paginas": 246,
      "taal": "Engels",
      "ean": "9781785881008",
      "prijs": 40.99
   },
   {
      "titel": "VEG",
      "cover": "https://s.s-bol.com/imgbase0/imagebase3/large/FC/9/3/1/8/9200000107638139.jpg",
      "auteur": ["Oliver,Jamie"],
      "uitgave": "2019-08",
      "paginas": 312,
      "taal": "Nederlands",
      "ean": "9789021573397",
      "prijs": 29.99
   },
   {
      "titel": "Zij die moet sterven",
      "cover": "https://s.s-bol.com/imgbase0/imagebase3/large/FC/0/0/6/9/9200000107459600.jpg",
      "auteur": ["Lagercrantz,David"],
      "uitgave": "2019-08",
      "paginas": 304,
      "taal": "Nederlands",
      "ean": "9789056725723",
      "prijs": 22.99
   },
   {
      "titel": "Geschiedenis van Nederland in 100 oude kaarten,De",
      "cover": "https://s.s-bol.com/imgbase0/imagebase3/large/FC/1/5/3/8/9200000103398351.jpg",
      "auteur": ["Delft,Marieke van"],
      "uitgave": "2019-06",
      "paginas": 400,
      "taal": "Nederlands",
      "ean": "9789401459075",
      "prijs": 79.00
   },
   {
      "titel": "Wees onzichtbaar",
      "cover": "https://s.s-bol.com/imgbase0/imagebase3/large/FC/3/4/1/2/9200000071452143.jpg",
      "auteur": ["Isik,Murat"],
      "uitgave": "2019-05",
      "paginas": 597,
      "taal": "Nederlands",
         "ean": "9789041422903",
      "prijs": 24.99
   },
   {
      "titel": "Houden van dingen die niet perfect zijn",
      "cover": "https://s.s-bol.com/imgbase0/imagebase3/large/FC/1/2/7/0/9200000095410721.jpg",
      "auteur": ["Sunim,Haemin"],
      "uitgave": "2019-01",
      "paginas": 272,
      "taal": "Nederlands",
      "ean": "9789022583722",
      "prijs": 15.99
   },
   {
      "titel": "Zeven Zussen,De",
      "cover": "https://s.s-bol.com/imgbase0/imagebase3/large/FC/0/5/3/4/9200000089454350.jpg",
      "auteur": ["Riley,Lucinda"],
      "uitgave": "2018-06",
      "paginas": 592,
      "taal": "Nederlands",
      "ean": "9789401609371",
      "prijs": 12.99
   },
   {
      "titel": "Hands-On Full-Stack Web Development with ASP.NET Core",
      "cover": "https://s.s-bol.com/imgbase0/imagebase3/large/FC/9/1/9/1/9200000101541919.jpg",
      "auteur": ["Dresher,Tamir", "Amir Zuker", "Shay Friedman"],
      "uitgave": "2018-10",
      "paginas": 478,
      "taal": "Engels",
      "ean": "9781788622882",
      "prijs": 44.95
   },
   {
      "titel": "dag van de doden,De",
      "cover": "https://s.s-bol.com/imgbase0/imagebase3/large/FC/3/6/9/6/9200000084586963.jpg",
      "auteur": ["French,Nicci"],
      "uitgave": "april 2018",
      "paginas": 365,
      "taal": "Nederlands",
      "ean": "9789026339592",
      "prijs": 20.99
   },
   {
      "titel": "Adembenemende natuurbeleving van Licht,De",
      "cover": "https://s.s-bol.com/imgbase0/imagebase3/large/FC/7/6/0/9/9200000095129067.jpg",
      "auteur": ["Linschooten,Jolanda"],
      "uitgave": "november 2018",
      "paginas": 256,
      "taal": "Nederlands",
      "ean": "9789024582747",
      "prijs": 29.99
   },
   {
      "titel": "schaduwspel,Het",
      "cover": "https://s.s-bol.com/imgbase0/imagebase3/large/FC/0/7/7/9/9200000107219770.jpg",
      "auteur": ["Vlugt,Simone van der"],
      "uitgave": "mei 2019",
      "paginas": 352,
      "taal": "Nederlands",
      "ean": "9789026348198",
      "prijs": 12.99
   },
   {
      "titel": "Kunstformen der Natur",
      "cover": "https://s.s-bol.com/imgbase0/imagebase3/large/FC/6/5/0/4/1001004008714056.jpg",
      "auteur": ["Haeckel,Ernst"],
      "uitgave": "september 2004",
      "paginas": 279,
      "taal": "Duits",
      "ean": "9783937715179",
      "prijs": 39.99
   },
   {
      "titel": "Me: elton john",
      "cover": "https://s.s-bol.com/imgbase0/imagebase3/large/FC/0/1/4/8/9200000106738410.jpg",
      "auteur": ["John,Elton"],
      "uitgave": "januari 2019",
      "paginas": 352,
      "taal": "Engels",
      "ean": "9781509853311",
      "prijs": 19.99
   },
   {
      "titel": "oorlog maar niemand die het ziet,Het is",
      "cover": "https://s.s-bol.com/imgbase0/imagebase3/large/FC/4/5/3/3/9200000107493354.jpg",
      "auteur": ["Modderkolk,Huib"],
      "uitgave": "september 2019",
      "paginas": 256,
      "taal": "Nederlands",
      "ean": "9789057599804",
      "prijs": 20.50
   }
]
