[
   {
      "titel": "Baby voeding",
      "cover": "./afb/baby-voeding.jpg",
      "auteur": ["Bakker,Sonja"],
      "uitgave": "juni 2005",
      "paginas": 104,
      "taal": "Nederlands",
      "ean": "9789078211433",
      "prijs": 15.95
   },
   {
      "titel": "Groenten",
      "cover": "./afb/groenten-pakket.jpg",
      "auteur": ["Blokdyk,Gerardus"],
      "uitgave": "juli 2007",
      
      "ean": "9780655315254",
      "paginas": 274,
      "taal": "Engels",
      "prijs": 72.99
   },
   {
      "titel": "Nutrilon jaar 1",
      "cover": "./afb/nutrilon1.jpg",
      "auteur": ["French,Nicci"],
      "uitgave": "juli 2019",
      "ean": "9789026343315",
      "paginas": 400,
      "taal": "Nederlands",
      "prijs": 21.99
   },
   {
      "titel": "Nutrilon jaar 2",
      "cover": "./afb/nutrilon2.jpg",
      "auteur": ["Aquino,Chris", "Todd Gandee"],
      "uitgave": "juni 2016",
      "paginas": 300,
      "taal": "Engels",
      "ean": "9780134433943",
      "prijs": 37.99
   },
   {
      "titel": "Nutrilon jaar 3",
      "cover": "./afb/nutrilon3.jpg",
      "auteur": ["Pilkey,Dav"],
      "uitgave": "juni 2018",
      "paginas": 231,
      "taal": "Nederlands",
      "ean": "9789492899019",
      "prijs": 14.99
   },
   {
      "titel": "Nutrilon jaar 4",
      "cover": "./afb/nutrilon4.jpg",
      "auteur": ["Lambert,Matt "],
      "uitgave": "januari 2016",
      "paginas": 246,
      "taal": "Engels",
      "ean": "9781785881008",
      "prijs": 40.99
   },
   {
      "titel": "Nutrilon jaar 5",
      "cover": "./afb/nutrilon5.jpg",
      "auteur": ["Oliver,Jamie"],
      "uitgave": "augustus 2019",
      "paginas": 312,
      "taal": "Nederlands",
      "ean": "9789021573397",
      "prijs": 29.99
   },
   {
      "titel": "Nutrilon jaar 6",
      "cover": "./afb/nutrilon6.jpg",
      "auteur": ["Lagercrantz,David"],
      "uitgave": "augustus 2019",
      "paginas": 304,
      "taal": "Nederlands",
      "ean": "9789056725723",
      "prijs": 22.99
   },
   {
      "titel": "Omo kleur was",
      "cover": "./afb/omo-kleur.jpg",
      "auteur": ["Delft,Marieke van"],
      "uitgave": "juni 2019",
      "paginas": 400,
      "taal": "Nederlands",
      "ean": "9789401459075",
      "prijs": 79.00
   },
   {
      "titel": "Robijn kleur was",
      "cover": "./afb/Robijn-kleur.jpg",
      "auteur": ["Isik,Murat"],
      "uitgave": "mei 2019",
      "paginas": 597,
      "taal": "Nederlands",
         "ean": "9789041422903",
      "prijs": 24.99
   },
   {
      "titel": "Robijn wit was",
      "cover": "./afb/robijn-wit.jpg",
      "auteur": ["Sunim,Haemin"],
      "uitgave": "januari 2019",
      "paginas": 272,
      "taal": "Nederlands",
      "ean": "9789022583722",
      "prijs": 15.99
   },
   {
      "titel": "Strijkwater",
      "cover": "./afb/strijk-water.jpg",
      "auteur": ["Riley,Lucinda"],
      "uitgave": "juni 2006",
      "paginas": 592,
      "taal": "Nederlands",
      "ean": "9789401609371",
      "prijs": 12.99
   },
   {
      "titel": "Volkoren, brood",
      "cover": "./afb/volkoren-brood.jpg",
      "auteur": ["Dresher,Tamir", "Amir Zuker", "Shay Friedman"],
      "uitgave": "oktober 2010",
      "paginas": 478,
      "taal": "Engels",
      "ean": "9781788622882",
      "prijs": 44.95
   },
   {
      "titel": "Wit, brood",
      "cover": "./afb/wit-brood.jpg",
      "auteur": ["French,Nicci"],
      "uitgave": "april 2018",
      "paginas": 365,
      "taal": "Nederlands",
      "ean": "9789026339592",
      "prijs": 20.99
   },
   {
      "titel": "brood, mais",
      "cover": "./afb/mais-brood.jpg",
      "auteur": ["Linschooten,Jolanda"],
      "uitgave": "november 2018",
      "paginas": 256,
      "taal": "Nederlands",
      "ean": "9789024582747",
      "prijs": 29.99
   }
]
