[{"titel":"Groenten, DB","cover":".\/afb\/groenten-pakket.jpg","auteur":"L","uitgave":"Levenonderhoud","ean":1,"paginas":1,"taal":9,"prijs":1},{"titel":"Wasmiddel Robijn","cover":".\/afb\/Robijn-kleur.jpg","auteur":"test","uitgave":"test","ean":"test","paginas":3,"taal":"test","prijs":2},{"titel":"Wasmiddel Robijn","cover":".\/afb\/Robijn-kleur.jpg","auteur":"test","uitgave":"test","ean":"test","paginas":3,"taal":"test","prijs":2},{"titel":"Baby voeding","cover":".\/afb\/baby-voeding.jpg","auteur":"Bakker,Sonja","uitgave":"juni 2005","ean":9789078211433,"paginas":104,"taal":"Nederlands","prijs":16},{"titel":"Groenten","cover":".\/afb\/groenten-pakket.jpg","auteur":"Blokdyk,Gerardus","uitgave":"juli 2007","ean":9780655315254,"paginas":274,"taal":"Engels","prijs":73},{"titel":"Nutrilon jaar 1","cover":".\/afb\/nutrilon1.jpg","auteur":"French,Nicci","uitgave":"juli 2019","ean":9789026343315,"paginas":400,"taal":"Nederlands","prijs":22},{"titel":"Baby voeding","cover":".\/afb\/baby-voeding.jpg","auteur":"Bakker,Sonja","uitgave":"juni 2005","ean":9789078211433,"paginas":104,"taal":"Nederlands","prijs":16},{"titel":"Groenten","cover":".\/afb\/groenten-pakket.jpg","auteur":"Blokdyk,Gerardus","uitgave":"juli 2007","ean":9780655315254,"paginas":274,"taal":"Engels","prijs":73},{"titel":"Nutrilon jaar 1","cover":".\/afb\/nutrilon1.jpg","auteur":"French,Nicci","uitgave":"juli 2019","ean":9789026343315,"paginas":400,"taal":"Nederlands","prijs":22},{"titel":"Nutrilon jaar 2","cover":".\/afb\/nutrilon2.jpg","auteur":"Aquino,Chris","uitgave":"juni 2016","ean":9780134433943,"paginas":300,"taal":"Engels","prijs":38}]