[
   {
      "ean": "9789078211433",
      "prijs": 15.95
   },
   {
      "ean": "9780655315254",
      "prijs": 72.99
   },
   {
      "ean": "9789063693275",
      "prijs": 24.49
   },
   {
      "ean": "9789026343315",
      "prijs": 21.99
   },
   {
      "ean": "9780134433943",
      "prijs": 37.99
   },
   {
      "ean": "9789492899019",
      "prijs": 14.99
   },
   {
      "ean": "9781785881008",
      "prijs": 40.99
   },
   {
      "ean": "9789021573397",
      "prijs": 29.99
   },
   {
      "ean": "9789021573397",
      "prijs": 22.99
   },
   {
      "ean": "9789026339592",
      "prijs": 20.99
   },
   {
      "ean": "9789024582747",
      "prijs": 29.99
   }
]
